{
  "kz": 0.0,
  "param_set": "odd_parity_paper_2",
  "resolution": 1023,
  "n_bands": 4,
  "kx_range": [
    -15.324842212633138,
    15.324842212633138
  ],
  "ky_range": [
    -15.450455673392426,
    15.450455673392426
  ],
  "energy_range": [
    -5.2534714580207265,
    0.7586074847586093
  ],
  "weight_range": [
    0.0005750932135619373,
    0.999424906786438
  ]
}