{
  "kz": 0.0,
  "param_set": "odd_parity_paper_2",
  "resolution": 2001,
  "n_bands": 4,
  "kx_range": [
    -15.324842212633138,
    15.324842212633138
  ],
  "ky_range": [
    -30.900911346784852,
    30.900911346784852
  ],
  "energy_range": [
    -5.2534714580207265,
    0.7586074847586093
  ],
  "weight_range": [
    0.0005750927754077517,
    0.9994249072245924
  ]
}