{
  "nk3d": 129,
  "lattice_params": {
    "a": 0.407,
    "b": 0.583,
    "c": 1.378
  },
  "pairing_types": [
    "B2u",
    "B3u"
  ],
  "cache_key": "129_0.407000_0.583000_1.378000"
}